店舗,店舗名,郵便番号,地域,住所,営業時間,定休日,メニュー1,価格1,メニュー2,価格2,メニュー3,価格3,メニュー4,価格4,メニュー5,価格5,内容,備考,電話番号,座席数,駐車場台数,緯度,経度,画像URL1,画像URL2,画像URL3,画像URL4
1,フランス料理　ル・サンオンズ,914-0077,敦賀,敦賀市栄新町3-14,11:30～14:00、17:00～21:30,月、第3日,本日のお魚Bランチ,"1,550",ワンプレートマドモアゼル,"1,050",,,,,,,地元でその日に水揚げされた旬の魚を、それぞれに合ったスタイルで「みなと町つるがスタイル」のフレンチに仕立てます。また、併設の酒販店で、福井の地酒が試飲できます。　一皿にパン、サラダ、スープ、地魚、小さなデザート等を盛り付けてお出しします。女性向けに少しずついろいろなものをカラフルに提供します。,,0770-23-2372,22,8,35.6585428,136.0763958,http://info.pref.fukui.jp/opendata/wakasaji/2-1.jpg,http://info.pref.fukui.jp/opendata/wakasaji/2-2.jpg,,
2,ニューサンピア敦賀  レストラン ビィアンヴニュ,914-0813,敦賀,敦賀市呉羽町2番地,11:00～14:00、18:00～21:00,,若狭おもてなし膳,"2,800",海鮮丼,"1,200",若狭彩弁当,"2,500",サーモンとイクラの親子丼,"1,500",,,若狭を訪れるお客様をおもてなしする心で、新鮮な海の幸、山の幸を活かし、ご満足いただけるご膳に仕上げました。ぜひ、ご堪能ください。※食材は季節により異なる場合がございます。　海鮮丼：敦賀港水揚げの新鮮なお魚をトッピングした丼、小鉢、茶碗蒸し、香の物、汁物がついて、女性の方へもおすすめの食べやすい上品な海鮮丼ランチです。　若狭彩弁当：県産・若狭の旬の食材を取り入れ、海・山の恵みを味わえるメニューとなっております。季節の旬の食材を彩りよく、食べやすくお重に盛り付けました。食後のデザートも充実したお弁当に仕上げました。サーモンとイクラの親子丼：寿司ネタとしても人気のサーモンを、酢飯と綿糸たまご、イクラとあわせてどんぶりにしました。,,0770-24-2111,80,200,35.6371783,136.0561197,http://info.pref.fukui.jp/opendata/wakasaji/1-1.jpg,http://info.pref.fukui.jp/opendata/wakasaji/1-2.jpg,http://info.pref.fukui.jp/opendata/wakasaji/1-3.jpg,http://info.pref.fukui.jp/opendata/wakasaji/1-4.jpg
3,海鮮DINING　丼,914-0125,敦賀,敦賀市若葉町1-1531　日本海さかな街内,11:00～18:00,日本海さかな街の定休日に準ずる,若狭丼,"1,500",福井サーモン丼（ミニ）,"1,500",,,,,,,若狭丼は、福井県産こしひかりの上に、若狭の味覚、かに、いか、甘エビ、鯖へしこ、鯖煮ほぐし身がのります。銀しゃりとの相性バツグン！！また、福井サーモン丼は福井県産のサーモンをメインに国産のスモークサーモンと北海道のイクラを使用した贅沢な丼です。,,0770-21-5107,80,400,35.6346932,136.0499184,http://info.pref.fukui.jp/opendata/wakasaji/3-1.jpg,http://info.pref.fukui.jp/opendata/wakasaji/3-2.jpg,,
4,かに喰亭ますよね,914-0125,敦賀,敦賀市若葉町1-1531　日本海さかな街内,11:00～18:00,日本海さかな街の定休日に準ずる,あぶり焼きさば定食,"1,500",,,,,,,,,敦賀港直送のお造りと、秘伝のタレに漬け込んださばフィレをじっくりあぶった焼きさば。福井県産炊きたてコシヒカリとの相性も抜群です。,,0770-32-3590,150,400,35.6346779,136.0499157,http://info.pref.fukui.jp/opendata/wakasaji/4-1.jpg,,,
5,歳月苑,914-0814,敦賀,敦賀市木崎28-7-1,11:30～14:00,月,若狭の海釜めし膳　竹コース,"3,800",若狭の海釜めし膳　梅コース,"2,500",,,,,,,「竹コース」季節の釜めし、季節のお刺身盛り、若狭地魚の焼き物、若狭焼きへしこ、旬野菜のサラダ、若狭自慢の一品九種盛り、お吸物、香の物、デザート。新鮮な地魚や珍味へしこを味わう絶品ランチ！！「梅コース」季節の釜めし、季節のお刺身、旬野菜のサラダ、若狭自慢の一品九種盛り、お吸物、香の物、デザート。お手頃価格の海鮮満喫ランチ！！,要予約,0770-25-2132,50,4（大型バス）,35.64369,136.046381,http://info.pref.fukui.jp/opendata/wakasaji/20-1.jpg,http://info.pref.fukui.jp/opendata/wakasaji/20-2.jpg,,
6,花城 与三郎寿司,914-0801,敦賀,敦賀市松島130-170-12,11:30～14:00、17:00～22:00,木,旬の地魚御膳,"2,700",若狭路どんぶり,"2,160",,,,,,,季節の地魚が、造り、握り、焼物で楽しめます。旬の味を福井県産コシヒカリとともに存分にご堪能ください。　その日おすすめの地魚や敦賀ふぐ（季節限定）、季節の野菜がのった寿司どんぶり。,,0770-25-8676,42,5,35.656006,136.0452299,http://info.pref.fukui.jp/opendata/wakasaji/5-1.jpg,http://info.pref.fukui.jp/opendata/wakasaji/5-2.jpg,,
7,お食事処　うおさき,914-0054,敦賀,敦賀市白銀町1-10,11:30～14:00、17:00～21:00,土,地魚の造り定食,"1,800",地魚の海鮮丼,"1,500",,,,,,,旬の魚を毎日、市場から仕入れています。お店はＪＲ敦賀駅から徒歩で約１分のところにあります。,,0770-25-7751,28,なし（近隣に駐車場あり）,35.6458811,136.0765635,http://info.pref.fukui.jp/opendata/wakasaji/6-1.jpg,http://info.pref.fukui.jp/opendata/wakasaji/6-2.jpg,,
8,食事処 建（たけし）,914-0054,敦賀,敦賀市白銀町4-9,11:00～14:00、17:00～22:00,火,海鮮丼,"1,700",ふぐめし定食,"1,500",松前海鮮丼,"1,800",,,,,すし飯の上に甘く味付けたふぐのそぼろと、ポン酢に漬け込んだふぐの身とふぐの皮をのせた丼です。敦賀ふぐをたっぷり使った丼をぜひ一度ご賞味ください。地元敦賀で獲れた魚をふんだんに使った海鮮丼です。地物の魚と敦賀の昆布、福井県産米（コシヒカリ）を使用。敦賀伝統の手すきおぼろ昆布のおいしさを知ってください。,,0770-25-2276,50,なし（近隣に駐車場あり）,35.6462383,136.0748663,http://info.pref.fukui.jp/opendata/wakasaji/9-1.jpg,http://info.pref.fukui.jp/opendata/wakasaji/9-2.jpg,http://info.pref.fukui.jp/opendata/wakasaji/9-3.jpg,
9,鮮旬処　よって家,914-0125,敦賀,敦賀市若葉町1-1531日本海さかな街内,8:30～18:00,日本海さかな街の定休日に準ずる,松原丼,"1,580",スペシャルサーモン丼,"1,490",,,,,,,地物のタイ、ブリなどの切身に加えて、女性に好評のサーモンも多くのせてあります。スペシャルサーモン丼は、ヘルシーで女性に大人気のサーモンのすべてを一つの丼ぶりに凝縮しました。サーモン好きにはたまらない一品です。価格もお値打ちにしました。,,0770-20-0357,52,400,35.634231,136.0499506,http://info.pref.fukui.jp/opendata/wakasaji/7-1.jpg,http://info.pref.fukui.jp/opendata/wakasaji/7-2.jpg,,
10,TEA ROOM Pine,914-0054,敦賀,敦賀市白銀町1-15,8:00～22:00,月、第３日曜日,へしこスパゲッティ,850,,,,,,,,,へしこを使った和風スパゲッティ。少し塩味が強いパスタの上に乗せて、当店オリジナルのトマトソースに絡めています。（Ｓ）、（Ｍ）、（Ｌ）の３つのサイズからお選びいただけます。,,0770-24-0958,24,3,35.6456664,136.0763275,http://info.pref.fukui.jp/opendata/wakasaji/8-1.jpg,,,
11,魚処　定吉,914-0061,敦賀,敦賀市蓬莱町17-25漁協福祉会館２階,8:00～16:00,火,海鮮丼,"1,620",,,,,,,,,朝仕入れた鮮鮮魚に丁寧な仕込みをしたネタ４～６種と自家製出汁巻き玉子を添えて上段に盛り込み、下段には人肌に冷ました銀シャリに刻み海苔を散らしイクラ（通年提供出来るよう自家冷凍した物）をあしらって、上下２段に器を重ねて丼スタイルを構成。アラ汁を添えます。,,0770-23-1871,30,なし（近隣に駐車場あり）,35.6567862,136.0663993,http://info.pref.fukui.jp/opendata/wakasaji/12-1.jpg,,,
12,地魚料理　まるさん屋,914-0054,敦賀,敦賀市白銀町6-41,11:00～23:30（月～土）、11:00～22:30（日・祝）,,名物せっと,"1,620",お刺身丼,"1,944",,,,,,,敦賀港直送の新鮮な地魚を使用。醤油にもこだわり、自家製の丼醤油と土佐醤油の２種類を、お客様のお好みで使っていただけるよう提供しています。越前名物辛み大根使用のおろしそば又はもりそばと、バッテラ、焼き鯖、穴子、鯛の中からお好きなお寿司を全部で６貫お選びいただけます。海鮮丼、お刺身御膳など、魚問屋ならではの新鮮な魚介類を使った料理がそろっています。,,0770-22-4528,150,10,35.6462587,136.0737418,http://info.pref.fukui.jp/opendata/wakasaji/10-1.jpg,http://info.pref.fukui.jp/opendata/wakasaji/10-2.jpg,,
13,越前そば　むぎや,914-0051,敦賀,敦賀市本町１-7-21,11:30～15:00、17:00～21:00,水(祝日の場合は営業）,芭蕉御膳,"1,100",,,,,,,,,創業１８０余年の越前そばの老舗。「手がき太白おぼろ昆布」でくるんだ梅おむすびと月見そばの組み合わせは、松尾芭蕉が「奥の細道」敦賀で詠んだ「月」にちなんだ句を連想して考案しました。,,0770-22-0514,28,なし（近隣に駐車場あり）,35.6514515,136.0730189,http://info.pref.fukui.jp/opendata/wakasaji/11-1.jpg,,,
14,桃花園,914-0141,敦賀,敦賀市莇生野96-8-6,11:00～20:30,水,へしこ焼飯ランチ,980,,,,,,,,,中華店の焼飯に、美浜名物の「鯖のへしこ」をトッピング。絶品です。また、サラダには敦賀港で獲れた魚で仕込んだ魚醤と伝統野菜「黒河まな」で作った「敦賀ドレッシング」を使用しています。一度、召し上がれ！,,0770-23-0456,36,20,35.6269376,136.0457369,http://info.pref.fukui.jp/opendata/wakasaji/13-1.jpg,,,
15,海辺の宿　長兵衛,914-0834,敦賀,敦賀市名子43-3,11:00～14:00,月（祝日の場合は翌火曜日）、年末年始他,若狭の幸尽くし　おまかせ　ひる膳,"3,780",海鮮のっけごはん「長兵衛」,"2,138",,,,,,,平日限定の“のっけごはん”シリーズ一番人気は旬のネタが盛り盛りの海鮮丼セット「長兵衛」。サイドメニューの日替わり小鉢や真鯛のあら汁も評判です。海辺の宿ならではの新鮮素材を活かしたお膳セット。メインは季節毎の旬の味覚を盛り込みます。敦賀湾一望のお食事処で、ちょっぴり贅沢なランチをお楽しみください。,火曜～金曜のみ提供,0770-23-7818,140,50,35.6764198,136.0314273,http://info.pref.fukui.jp/opendata/wakasaji/14-1.jpg,http://info.pref.fukui.jp/opendata/wakasaji/14-2.jpg,,
16,カメレオン食堂,914-0054,敦賀,敦賀市白銀町5-29　ホテルスイートピー1F,11:30～15:00、18:00～23:00,月,へしこのペペロンチーノ,"1,000",,,,,,,,,鯖のへしこの風味とコクがオリーブオイルに良く合った上品なペペロンチーノをご賞味ください。,,0770-24-3717,30,なし,35.6459857,136.0744472,http://info.pref.fukui.jp/opendata/wakasaji/15-1.jpg,,,
17,味世司,914-0125,敦賀,敦賀市若葉町1-1531 日本海さかな街内,9:30～18:00,日本海さかな街の定休日に準ずる,豪海丼,"1,980",,,,,,,,,地物の鯛、本鮪中トロ、生しらす、いくら等、豪華に全10種盛り付けた丼ぶりです。お米は福井ブランド「コシヒカリ」を使用しております。,,0770-21-3829,74,400,35.6349417,136.0489636,http://info.pref.fukui.jp/opendata/wakasaji/16-1.jpg,,,
18,味’ｓ場（みつば）,914-0125,敦賀,敦賀市若葉町1-1531 日本海さかな街内,10:00～18:00,日本海さかな街の定休日に準ずる,漁火丼（いさりびどん）,"1,500",海鮮プレートランチ,"1,200",,,,,,,日本海の王様ズワイガニを中心に、タイや甘エビ、うに、いくらなどを豪快に盛り付けた当店スペシャル海鮮丼！,,0770-21-3807,80,400,35.6349417,136.0489796,http://info.pref.fukui.jp/opendata/wakasaji/17-1.jpg,,,
19,寿司処　新鮮組,914-0125,敦賀,敦賀市若葉町1-1531 日本海さかな街内,10:00～18:00,日本海さかな街の定休日に準ずる,新鮮ちらし,"1,580",,,,,,,,,福井県産コシヒカリを使用したシャリの上に、自慢の本マグロや地物のタイ等を贅沢に載せたちらしです。他にも珍しい限定の珍魚の寿司もたくさんご用意しています。,,0770-21-1477,30,400,35.6349417,136.0489636,http://info.pref.fukui.jp/opendata/wakasaji/18-1.jpg,,,
20,そば処　又八庵,914-0314,敦賀,敦賀市杉箸79-42,10:00～17:00,月～金（前日までの予約で営業可）,さくらちらし御膳,"1,350",さくらちらし寿司（へしこ入り）,700,,,,,,,さくらちらし御膳は、さくらちらし寿司とおろしそば（十割そば）をメインにした御膳で、アカカンバの糠漬けと素朴な田舎料理です。,,0770-27-1048,20,10,35.6163522,136.1453702,http://info.pref.fukui.jp/opendata/wakasaji/19-1.jpg,http://info.pref.fukui.jp/opendata/wakasaji/19-2.jpg,,
21,港ダイニングしおそう,914-0037,敦賀,敦賀市堂45-1-1,11:30～14:00、17:30～23:00,年末年始,超海鮮丼,"1,980",サーモンといくらの親子丼,"1,404",,,,,,,超海鮮丼は、人気の「定番海鮮丼」の豪華バージョンです。使われている酢飯は創業110年塩荘の「元祖　鯛鮨」で使われているものと同じものを使っており、お米は福井ブランド米をこだわりのオリジナルブレンドにしております。,,0770-25-2081,80,50,35.6296377,136.0730525,http://info.pref.fukui.jp/opendata/wakasaji/21-1.jpg,http://info.pref.fukui.jp/opendata/wakasaji/21-2.jpg,,
22,豪快鉄板焼き　海坊主,914-0125,敦賀,敦賀市若葉町1-1531日本海さかな街内,10:00～18:00,日本海さかな街の定休日に準ずる,浜焼きとろ鯖定食,980,,,,,,,,,若狭のソウルフード「鯖」の一夜干しを丸々一尾焼き上げ、盛り付けたシンプルな定食です。身が厚くなり、脂の乗る漁期の鯖のみを使用しているため、焼き上げ時のジューシー感がポイントです。,,0770-47-5594,45,400,35.6349417,136.0489796,http://info.pref.fukui.jp/opendata/wakasaji/022-1.jpg,,,
23,生け簀の甲羅,914-0072,敦賀,敦賀市金ケ崎町4-1 敦賀赤レンガ倉庫内,11:00～13:45、18:00～21:00（日・祝：16:30～18:00）,水（その他赤レンガ倉庫休館日）,生・サーモン・いくら丼（みそ汁付）,"1,500",,,,,,,,,使用するサーモンは、脂ののった魚体5kg以上の大型サイズを一尾まるごと未冷凍で仕入れ、さばきます。また、いくらは定置網で漁獲された秋鮭から取り出し、秘伝のタレで味付け。粒の大きさと、味と、食感のすばらしいイクラです。,,0770-47-6338,40,60,35.66193,136.074533,http://info.pref.fukui.jp/opendata/wakasaji/023-1.jpg,,,
24,ソニョーポリ,914-0072,敦賀,敦賀市金ケ崎町4-1 敦賀赤レンガ倉庫内,11:30～14:00、18:00～22:00,水（その他赤レンガ倉庫休館日）,福井サーモンと地物甘エビのメダル仕立て旬野菜と甘エビコンソメのジュレ添え（日替わりパスタかリゾット、コーヒー付き）,"1,500",,,,,,,,,敦賀を中心とした嶺南でとれる食材を美しく軽やかに表現してみました。甘エビをむいたカラからとったコンソメのジュレをお皿に添えました。,,0770-47-6707,60,60,35.66193,136.074533,http://info.pref.fukui.jp/opendata/wakasaji/024-1.jpg,http://info.pref.fukui.jp/opendata/wakasaji/024-2.jpg,,
25,鮮宴丼ひろし,914-0125,敦賀,敦賀市若葉町1-1531日本海さかな街内,10:00～18:00,日本海さかな街の定休日に準ずる,豪快あぶりサーモン丼,"1,380",,,,,,,,,脂の乗った大型サイズのサーモンを一尾丸ごと仕入れて店内調理しています。あえて鮮度の良いサーモンを炙ることにより、より一層風味が増します。余分な脂を落とし、サーモン本来の旨味を楽しめます。豪快に盛り付けられた丼を賞味ください。,,0770-47-5978,40,400,35.6349417,136.0489796,http://info.pref.fukui.jp/opendata/wakasaji/025-1.jpg,,,
26,藤八（とうはち）,919-1138,美浜,美浜町河原市18-10-3,11:00～14:00、17:00～21:30（冬）、～22:30（夏）,木（10名以上予約の時は営業）,美浜へしこ膳,"1,000",若狭美浜名産へしこご飯＆うどんセット,860,,,,,,,厳選されたへしこの旨味が詰まったまぜご飯。美浜町、嶺南地域が元気になるよう、自分のできることで何か貢献していきたいと思いながら店を開け、観光のお客さんにも地元の皆さんと明るく元気に接し、また嶺南のＰＲをしています。へしこの販売もしておりますので、ぜひお買い求めください。,,0770-32-2255,72,8,35.6063727,135.9466078,http://info.pref.fukui.jp/opendata/wakasaji/27-1.jpg,http://info.pref.fukui.jp/opendata/wakasaji/27-2.jpg,,
27,軽食　喫茶　オーロラ,919-1123,美浜,美浜町久々子33-44-1,8:30～17:00,水,へしこスパゲティー（フルーツ、コーヒー付き）,"1,000",へしこ定食（フルーツ、コーヒー付き）,"1,000",へしこ丼（フルーツ、コーヒー付き）,"1,000",彩りへしこプレート（へしこサンド＆へしこカルパッチョ＆へしこチヂミの３種盛り）,"1,200",,,「へしこの町・美浜」のやみつきになると評判のへしこをお手軽に味わえるスパゲティー。焼いてほぐしたへしこの塩味と野菜の旨味が味を引き立てます。ご飯、焼いたへしこの切り身、みそ汁と小鉢。ご飯の上に半熟の炒り卵と焼いたへしこをのせのりをまぶし、みそ汁と小鉢。へしこプレートは、へしこを県外の人にも美味しく食べてもらうため、試行錯誤の結果生まれたアレンジメニュー。,,0770-32-1094,45,20,35.6006371,135.9172041,http://info.pref.fukui.jp/opendata/wakasaji/24-1.jpg,http://info.pref.fukui.jp/opendata/wakasaji/24-2.jpg,http://info.pref.fukui.jp/opendata/wakasaji/24-3.jpg,http://info.pref.fukui.jp/opendata/wakasaji/24-4.jpg
28,割烹　おとり,919-1123,美浜,美浜町久々子20-1-3,11:30～14:00、17:00～19:00,水,刺身定食,"1,800",寿司（特巻）,"2,300",,,,,,,地産地消で、地元の食材を使った料理を提供しています。新鮮な若狭の魚、福井県の米を使っています。若狭の魚と福井県産のお米を使ったボリュームたっぷりの巻きずしです。,,0770-32-2210,20,10,35.6059605,135.9161567,http://info.pref.fukui.jp/opendata/wakasaji/23-1.jpg,http://info.pref.fukui.jp/opendata/wakasaji/23-2.jpg,,
29,渓流の里,919-1144,美浜,美浜町新庄286-5-1,日の出～18:00,,渓流定食,"2,200",,,,,,,,,新庄特別栽培米（やまびこ米）のご飯、マスの刺身、アマゴの塩焼き、あられフライ（マスの唐揚げ)、よもぎそば、小鉢、漬物。注文をいただいた後、川魚をその場で水揚げして調理します。新鮮な山、里・川の幸をご堪能ください。季節に応じて食材を変更させていただくことがあります。,,0770-32-5580,30,50,35.5303967,135.9793096,http://info.pref.fukui.jp/opendata/wakasaji/29-1.jpg,,,
30,五湖の駅,919-1123,美浜,美浜町久々子72-1,9:30～17:30,年末年始,焼鯖定食,780,,,,,,,,,若狭と言えば焼鯖!美味しい美浜産のお米と共にどうぞ！お手軽に若狭路の食をお楽しみいただける定食です。近海物のお魚やイカ、甘エビ、へしこ、小鯛の笹漬けなど若狭の海の幸ぎっしり☆是非ご賞味ください。※土日祝限定メニューです（冬季はお休みします）,,0770-32-3339,50,30,35.6022968,135.927782,http://info.pref.fukui.jp/opendata/wakasaji/28-1.jpg,http://info.pref.fukui.jp/opendata/wakasaji/28-2.jpg,,
31,美浜食堂,919-1146,美浜,美浜町大藪30-1,7:00～19:30,不定,地元の定食,800,さば竜田ピリ辛白みそ丼,900,,,,,,,美浜名物の「へしこ」のおにぎり、久々子湖で獲れた「しじみ」のみそ汁、三方の梅干し、地元野菜の天ぷら、天ぷら用の梅塩も、三方梅の販売所で買ったもの。地元の食材にこだわった、お得な定食です。丼は、しょうゆダレに合う白みそをアクセントにしました。,,0770-32-0144,40,20,35.595972135.595964,135.919775,http://info.pref.fukui.jp/opendata/wakasaji/25-1.jpg,http://info.pref.fukui.jp/opendata/wakasaji/25-2.jpg,,
32,レインボーラインレストラン,919-1301,若狭,若狭町気山18-2-2,8:30～17:00,年末年始,梅丈定食,880,,,,,,,,,梅丈岳から見下ろす若狭湾でとれた海の幸、タコを生姜ベースに地元のお米で炊きこんだ、あっさり味のおいしいたこ飯と、アジをフライにした食べやすい定食です。,,0770-45-2678,30,500,35.6025301,135.8716266,http://info.pref.fukui.jp/opendata/wakasaji/30-1.jpg,,,
33,道の駅　若狭熊川宿　四季彩館,919-1532,若狭,若狭町熊川11‐1‐1,9:00～18:00(3月～11月）、9:30～17:30（12月～2月）,木,四季彩丼,800,,,,,,,,,若狭名物「浜焼き鯖」と熊川名物「熊川くず」を贅沢に使用した道の駅若狭熊川宿オリジナルどんぶり。浜焼き鯖の身を甘辛く味付けしフレーク状にしたものを、熊川くずに混ぜ込みあんかけにした和風テイストのどんぶりです。,,0770-62-9111,70,30,35.4408129,135.9046339,http://info.pref.fukui.jp/opendata/wakasaji/033-1.jpg,,,
34,若狭食堂　かみなか亭,919-1536,若狭,若狭町三宅80-27,11:00～15:00,年末年始,若狭御膳,"1,490",,,,,,,,,自家製ダレに一晩漬け込み味付けした鯖を香ばしく焼き上げ、焼き鯖寿司を作っています。,,0770-62-2166,140,40,35.4617185,135.8647441,http://info.pref.fukui.jp/opendata/wakasaji/31-1.jpg,,,
35,和伊和伊亭,919-1536,若狭,若狭町三宅93-4-1,11:00～14:00、17:30～22:00,火,若狭スパゲッティ,"1,000",,,,,,,,,甘味たっぷり「谷田部ねぎ」、おいしい「名田庄しいたけ」、マイルドな酸味の「梅びしお」、ピリッと大人味「柑なんば」を和伊和伊亭風に和風ガーリックオイルでまとめてみました。,,0770-62-2611,40,8,35.4629155,135.8585827,http://info.pref.fukui.jp/opendata/wakasaji/38-1.jpg,,,
36,喫茶スクウル,919-1301 ,若狭,若狭町気山172-4-1,7:00～18:00,,ホットサンドセット,"1,000",サーモンサラダセット,"1,300",,,,,,,当店人気のホットサンドイッチに、自家製ジャムをトッピングしたアイスクリーム、ホットコーヒーが付いたお得なセットメニューです。地元の食材を使用しています。サーモンサラダセットは、当店自慢の地元の里山の幸をふんだんに取り入れたミックスサンドイッチと地元の野菜をたっぷり使ったサーモンサラダをセットに。サーモンは甘酢仕立てで生臭さを感じません。,サーモンサラダセットは4日前までに要予約,0770-45-1118,35,20,35.5834513,135.910116,http://info.pref.fukui.jp/opendata/wakasaji/33-1.jpg,http://info.pref.fukui.jp/opendata/wakasaji/33-2.jpg,,
37,里山カフェ＆クラフトギャラリー　ここいろ,919-1522,若狭,若狭町末野43-18-1,11:00～14:00,土日月、お盆、冬季,ここいろランチ,"1,000",,,,,,,,,地産地消にこだわった日替わりランチです。かみなか農楽舎で採れた米を毎日、かまどで炊いています。,,0770-62-2233,40,15,35.4813083,135.889871,http://info.pref.fukui.jp/opendata/wakasaji/34-1.jpg,,,
38,魚三（うおさん）,919-1331,若狭,若狭町鳥浜25-40,9:00～18:30,水,うな重（竹）,"1,650",まかない丼,820,,,,,,,秘伝のタレがうなぎの味を引き立てます。口いっぱいに広がる香りと食感をぜひ味わってください。刻んだ蒲焼に、生卵、ネギとノリが加わり、ご飯にからむことで絶妙なハーモニーが生まれます。食欲をそそる一品！,仕入れ価格の高騰によって、値段は変更となる可能性があります。,0770-45-0894,8×3部屋,6,35.5548188,135.9083139,http://info.pref.fukui.jp/opendata/wakasaji/35-1.jpg,http://info.pref.fukui.jp/opendata/wakasaji/35-2.jpg,,
39,Saba*Caf?,919-1532,若狭,若狭町熊川12-16-2,11:00～17:00（L.O16:30）,水、他不定、冬,Sabaサンド,"1,080",,,,,,,,,フランスパンにジューシーな鯖のフィレをサンド。若狭産の「柑なんば」（若狭産「獅子ユズ」とコシヒカリを使った米麹、唐辛子などを合わせたピリッと辛い新感覚のユズみそ）を使ったsaba*Cafe特製マヨネーズでどうぞ。,前日の11時～15時の予約（電話連絡のみ）で必ず提供,0770-62-9048,店内16、屋外12,10,35.4416652,135.9059716,http://info.pref.fukui.jp/opendata/wakasaji/36-1.jpg,,,
40,ドライブイン　よしだ,919-1461,若狭,若狭町海山70-3,9:00～18:00,不定,イカ丼,"1,450",,,,,,,,,湖を眺めながら、当店オリジナルの丼ぶりをどうぞ。山芋、大葉、イカが特製醤油でそれぞれの味を主張させています。,,0770-47-1438,100,40,35.5846344,135.8676891,http://info.pref.fukui.jp/opendata/wakasaji/37-1.jpg,,,
41,洋食家がじゅまろ,917-0023,小浜,小浜市府中15-8,11:00～15:00、17:00～21:00,月,炙り若狭牛ドレスドオムライス風,"1,500",極旨洋風たれ若狭路丼～若狭牛と小浜サーモンの組み合わせ～,"1,500",,,,,,,極旨洋風たれ若狭路丼は、地元の食材、海の幸・里山の幸を洋食にアレンジ。贅沢にも小浜サーモンと若狭牛のコラボ！地元食材のワカメや野菜など地元「愛」が詰まったメニューになりました。がじゅまろ特製レモン生姜醤油でさっぱりと召し上がってください！,3日前までに要予約,0770-52-0408,26,30,35.494044,135.758367,http://info.pref.fukui.jp/opendata/wakasaji/041-1.jpg,,,
42,ホテル若杉,917-0077,小浜,小浜市駅前町7-16,11:00～13:30、17:30～21:00,,小浜三昧さば御膳,"2,700",満腹さば御膳,"1,500",サーモンムニエル御膳,"1,000",,,,,小浜三昧さば御膳は、焼きたての浜焼さばを生姜醤油で。ぐじ（甘鯛）の唐揚げも付いてボリューム満点です。満腹さば御膳は、生さばを1/2使用、お一人で2度おいしく小浜名物のさばを味わって頂けます。サーモンムニエル御膳は、分厚くカットしたサーモンをたっぷりのバターでふっくら香ばしく焼き上げました。,要予約（小浜三昧さば御膳）,0770-52-0900,45,20,35.4925535,135.7460536,http://info.pref.fukui.jp/opendata/wakasaji/53-1.jpg,http://info.pref.fukui.jp/opendata/wakasaji/53-2.jpg,http://info.pref.fukui.jp/opendata/wakasaji/53-3.jpg,
43,お食事処　みつや,917-0063,小浜,小浜市小浜酒井1-52,11:00～15:00、17:00～21:00,月,若狭路鯖定食,"1,150",,,,,,,,,小浜の名物、魚の旨味を引き立たせた「鯖の醤油干し」と、身もふっくらジューシーな「鯖の塩焼き」の食感の違いをお楽しみください。鯖の塩焼きのみの定食（860円）もございます。当店ではその他旬の魚料理、一品料理、定食、麺類、丼ものなど多種ご用意しております。,,0770-52-0239,28,3,35.4945114,135.7434559,http://info.pref.fukui.jp/opendata/wakasaji/42-1.jpg,,,
44,松月観の宿　いたや,917-0105,小浜,小浜市阿納10-4,11:00～15:00,不定（週1日）,ミニ懐石,"3,024",若狭ちらし海鮮丼,"1,500",,,,,,,昼間の喧騒を逃れ、のんびりと入浴しながら、ゆったりと流れる時をお楽しみください。ネタは7種で。旬の地魚を盛り込んだ海鮮丼です。小鉢、漬物、お吸い物が付きます。,,0770-54-3001,70,20,35.5345093,135.7853829,http://info.pref.fukui.jp/opendata/wakasaji/39-1.jpg,http://info.pref.fukui.jp/opendata/wakasaji/39-2.jpg,,
45,お食事処　はまがわ,917-0078,小浜,小浜市駅前町7-3,11:00～15:00、17:30～20:30,水,ぐじ若狭焼定食,"1,500",海鮮てんはま丼,"1,300",,,,,,,若狭の海の幸の王様、高級魚「若狭ぐじ」をさっと一汐して、丁寧に焼き上げました。素材のうまさをそのまま味わっていただけるリーズナブルな定食です。若狭小浜港で水揚げされた新鮮な魚と、若狭の名物鯖のへしこを、小浜産コシヒカリの上にてんこ盛りにした丼です。,,0770-52-0074,37,4,35.4925121,135.7456855,http://info.pref.fukui.jp/opendata/wakasaji/40-1.jpg,http://info.pref.fukui.jp/opendata/wakasaji/40-2.jpg,,
46,若狭マリンプラザ,917-0046,小浜,小浜市岡津44,10:00～19:30,,若狭御膳,"1,100",海鮮丼,"1,400",若狭御膳,"1,300",,,,,新鮮なお刺身と、焼き立てアツアツの鯖をお召し上がりください。米は地元のコシヒカリを使用。海鮮丼に使う醤油も地元で人気の甘みのあるものを使用。,,0770-53-2100,20,60,35.4817451,135.656138,http://info.pref.fukui.jp/opendata/wakasaji/41-1.jpg,http://info.pref.fukui.jp/opendata/wakasaji/41-2.jpg,http://info.pref.fukui.jp/opendata/wakasaji/41-3.jpg,
47,すし処　鮨富,917-0084,小浜,小浜市小浜広峰83-1,12:00～14:00、17:00～21:00,月,にぎりランチ,"2,500",海鮮ちらし（赤だし付）,"2,700",,,,,,,地産地消で頑張っています。米は福井県産コシヒカリ、錦糸卵は地鶏卵を使い、地魚とトロが主役の海鮮ちらしです。,,0770-53-0337,26,3,35.4972334,135.744109,http://info.pref.fukui.jp/opendata/wakasaji/43-1.jpg,http://info.pref.fukui.jp/opendata/wakasaji/43-2.jpg,,
48,ホテル　アーバンポート,917-0051,小浜,小浜市小浜白鳥72-1,11:30～14:00,,浜の宝石箱,"3,240",浜の宝丼,"1,944",,,,,,,小浜漁港より新鮮な海の幸をお届けします。開けてびっくりボリューム満点の海の幸丼と、名物の鯖寿し、焼き鯖寿しをご堪能ください。御食国若狭おばま自慢の海の幸を中心に、板長おすすめの素材を盛り込んだ逸品です。,,0770-53-2001,30,30,35.4938005,135.7378112,http://info.pref.fukui.jp/opendata/wakasaji/44-1.jpg,http://info.pref.fukui.jp/opendata/wakasaji/44-2.jpg,,
49,サンホテル　やまね,917-0069,小浜,小浜市小浜白鬚55-1,11:00～19:30,,旬彩プレート膳,"2,160",特製海鮮丼,"1,620",小浜サーモン五色膳,"1,500",,,,,四季折々の食材を板長おまかせの和定食でお召し上がりください。お料理の中身は時期によって変わります。新鮮な海の幸をさっぱりとした海鮮丼に仕上げました。豊かな海の恵みをお楽しみください。,要予約,0770-52-1450,30,40,35.4963424,135.739796,http://info.pref.fukui.jp/opendata/wakasaji/45-1.jpg,http://info.pref.fukui.jp/opendata/wakasaji/45-2.jpg,http://info.pref.fukui.jp/opendata/wakasaji/45-3.jpg,
50,生そば 米太,917-0065,小浜,小浜市小浜住吉9,11:00～19:00,水（祝日の場合は営業）、お盆、年始,後瀬山そば,"1,250",,,,,,,,,大根のしぼり汁で作ったツユで食べる「からみ」、地元産の自然薯をすりおろした「山里」、福井県ではおなじみの「おろし」、カツとおろしが絶妙な「カツおろし」の４種類の味をお楽しみいただけます。,,0770-52-0711,24,5,35.4932655,135.7393857,http://info.pref.fukui.jp/opendata/wakasaji/47-1.jpg,,,
51,四季の膳　ひいらぎ,917-0082,小浜,小浜市小浜津島17,12:00～13:30、17:00～22:30,日、年末年始,四季の旬彩膳,900,,,,,,,,,地元若狭おばまの四季折々の食材と自家製の野菜をたっぷり使い、心からの膳をご用意して皆様をお待ちしております。,,0770-52-6088,20～25,4,35.5000787,135.7441922,http://info.pref.fukui.jp/opendata/wakasaji/48-1.jpg,,,
52,いけす割烹　雅,917-0058,小浜,小浜市小浜香取107,11:30～22:00,火,海の幸定食,"3,024",若狭の漁師丼,"2,484",若狭小浜・今昔丼,"1,500",,,,,当店内の大きな生簀からすくい上げた鮮魚を目の前で大胆に調理し、若狭湾で獲れる旬の味覚を地産地消にて提供しています。和の空間の中、ゆったりとした気分で自然が育てた活魚の味をご賞味ください。地元の旬の魚、お寿司２貫、旬の小鉢、若狭ぐじ頭炙りの吸い物（漁の状況によりあら汁の場合あり）、漬物、ご飯　若狭湾で鍛えられた朝どれの新鮮な魚をたっぷりとのせちょっぴり贅沢にお寿司を盛り込んだ割烹雅らしい丼をお召し上がりください。,,0770-53-1678,120,15,35.4923505,135.7347213,http://info.pref.fukui.jp/opendata/wakasaji/46-1.jpg,http://info.pref.fukui.jp/opendata/wakasaji/46-2.jpg,http://info.pref.fukui.jp/opendata/wakasaji/46-3.jpg,
53,食彩　ごえん,917-0068,小浜,小浜市小浜日吉57-2,11:30～14:00、17:00～23:00,水,ごえん海鮮丼,"1,200",,,,,,,,,若狭湾を目の前に眺めながら、その日の朝に若狭湾で揚がった地魚料理をお気軽にお楽しみください。夏は岩がき、冬はカニやフグ料理もご用意できます。,,0770-53-0770,31,30,35.4951108,135.7387285,http://info.pref.fukui.jp/opendata/wakasaji/49-1.jpg,,,
54,ホテル　せくみ屋,917-0069,小浜,小浜市小浜白鬚113,11:30～14:30,,若狭虹会席,"5,400",,,,,,,,,ヤリイカの姿造りと刺身の盛り込み、ぐじの焼き物、カレイの唐揚げ、魚介の鍋、もずくの酢物　お刺身中心に、若狭路の名物を取りそろえた会席料理です。無料で入浴もサービスしております。（タオルはご持参ください。レンタルもあります）,要予約,0770-52-0020,50,100,35.4957921,135.7416736,http://info.pref.fukui.jp/opendata/wakasaji/50-1.jpg,,,
55,お食事処　魚山亭,917-0051,小浜,小浜市小浜白鳥27,11:00～14:30、17:00～22:00,月（祝日の場合は営業）,海鮮丼,"1,990",,,,,,,,,旬の魚を毎日仕入れて、新鮮でおいしい海鮮丼をご提供します。,,0770-52-6833,40,7,35.4933376,135.7372587,http://info.pref.fukui.jp/opendata/wakasaji/51-1.jpg,,,
56,中村商店,917-0093,小浜,小浜市水取1-5-6,12:00～15:00,不定,浜焼さば膳,"2,500",,,,,,,,,昔ながらのさっぱりとした伝統の味。当店の浜焼き鯖は焼き立てを提供します。,要予約,0770-53-2580,6,なし,35.5048061,135.7511767,http://info.pref.fukui.jp/opendata/wakasaji/52-1.jpg,,,
57,食遊ステーション　響,917-0081,小浜,小浜市川崎1-3-6,11:30～14:00、17:00～22:00,月,若狭ぐじ定食,"2,100",海鮮丼,"1,300",,,,,,,地元の旬の食材を使用し、お客様のニーズにお応えできる料理を提供いたします。若狭湾で獲れる新鮮な旬の地魚を使った、当店自慢の海鮮丼です。,,0770-64-5520,21,3,35.5043367,135.7351719,http://info.pref.fukui.jp/opendata/wakasaji/54-1.jpg,http://info.pref.fukui.jp/opendata/wakasaji/54-2.jpg,,
58,お食事処　宝来屋,917-0234,小浜,小浜市上野30-22-1,11:00～20:00,火,若狭膳,"1,500",海鮮変わり丼,"1,000",,,,,,,毎日、板長が市場まで足を運び、獲れたてのお魚を仕入れています。若狭おばまの旬の珍しい！美味しい！！を食べに来てください。地元でしか出回らないお魚を使った刺身丼です。最初は刺身丼で、お客様の好みで海鮮だし茶漬けへと２度お楽しみいただくこともできます。茶漬け用のだしは、魚の種類によって「白みそだし」か「かつおだし」。小鉢と漬物付き。,,0770-57-1119,30,6,35.4750439,135.7946848,http://info.pref.fukui.jp/opendata/wakasaji/55-1.jpg,http://info.pref.fukui.jp/opendata/wakasaji/55-2.jpg,,
59,お食事処　かねまつ,917-0078,小浜,小浜市大手町8-1大手ビル2Ｆ,11:30～14:00、17:00～20:30,,かねまつ丼,"1,200",てんはま丼,"1,500",,,,,,,地元の旬の魚をふんだんに使い、新鮮なお刺身がたっぷりの海鮮丼。あら汁はおかわり自由です。若狭湾で揚がる地魚が入った丼です。白いご飯の上にぶつ切りのお刺身、イカ、イクラ、甘えびなどをのせました。セットで付くアラ汁はおかわり自由です。,,0770-53-2559,67,6,35.4972127,135.7458699,http://info.pref.fukui.jp/opendata/wakasaji/56-1.jpg,http://info.pref.fukui.jp/opendata/wakasaji/56-2.jpg,,
60,若狭フィッシャーマンズ・ワーフ海幸苑,917-0081,小浜,小浜市川崎1-3-2,11:00～15:00,年末年始,潮風膳,"1,404",てんはま季節丼,"1,620",鯖遊膳,"1,404",,,,,四季折々の小浜湾を眺めながら、地元産の米、醸造酢を使用した鯖寿司をどうぞ。新鮮な若狭はぎ（かわはぎ）の丼を肝ぽん酢で。朝どれの若狭はぎ（かわはぎ）はふぐにも劣らない食感と味です。鯖遊膳は、自家製の鯖とねぎのぬた和えなど郷土のさば料理をふんだんに使用したふるさとの味をぜひご賞味ください。,,0770-52-3111,110,150,35.5001945,135.7400428,http://info.pref.fukui.jp/opendata/wakasaji/57-1.jpg,http://info.pref.fukui.jp/opendata/wakasaji/57-2.jpg,http://info.pref.fukui.jp/opendata/wakasaji/57-3.jpg,
61,お食事処　濱の四季,917-0081,小浜,小浜市川崎3-5,11:00～14:00（平日）、11:00～20:00（土日祝）,水、年末年始,御食国御膳,"1,890",,,,,,,,,若狭おばまの四季折々の旬の食材を使ったスローフードを、濱のかあちゃんたちが真心を込めて提供いたします。,,0770-53-0141,70,100,35.5006836,135.7371031,http://info.pref.fukui.jp/opendata/wakasaji/58-1.jpg,,,
62,寿司処　福芳,917-0078,小浜,小浜市大手町8-5,11:30～14:00、17:00～21:00,月、年末年始,若狭路海鮮ちらし膳,"1,944",海鮮ちらし,"1,500",寿司ランチ選べるケーキセット付き,"3,000～3,500",,,,,若狭の旬の魚に焼き鯖をあしらった名物ちらし寿司です。旬の魚を使ったちらしの「若狭路海鮮どんぶり」。旬の魚を使ったちらしと吸い物。新鮮な若狭の旬の魚が楽しめます。新鮮な若狭の魚の寿司セットに、カフェアルカンシェルの当日のケーキからお好みのケーキを選んでいただくケーキセット付き。,3メニューともに要予約,0770-53-2944,24,20,35.4976351,135.7459811,http://info.pref.fukui.jp/opendata/wakasaji/59-1.jpg,http://info.pref.fukui.jp/opendata/wakasaji/59-2.jpg,http://info.pref.fukui.jp/opendata/wakasaji/59-3.jpg,
63,若杉末広亭,917-0078,小浜,小浜市大手町8-5,11:00～14:00、17:00～20:00,不定、年末年始,鯖すき丼膳,"1,620",海鮮丼,"1,500",末広亭ランチ選べるケーキセット付き,"3,000",,,,,浜焼鯖をすき焼き風に煮込んだ郷土料理を丼にした手軽に食べていただける一品です。調理に時間がかかりますので、事前予約をいただけると早くお出しできます。新鮮な若狭の魚とへしこが楽しめます。漬物、お吸い物付き。その日の若狭のお魚を使った日替わりランチにカフェアルカンシェルの当日のケーキからお好みのケーキを選んでいただくケーキセット。,末広亭ランチ選べるケーキセット付きは要予約（当日でも可）,0770-53-0202,100,20,35.4976176,135.7459758,http://info.pref.fukui.jp/opendata/wakasaji/60-1.jpg,http://info.pref.fukui.jp/opendata/wakasaji/60-2.jpg,http://info.pref.fukui.jp/opendata/wakasaji/60-3.jpg,
64,若狭ふぐの宿　下亟,917-0105,小浜,小浜市阿納10-15,11:00～14:00,不定,若狭めで鯛御膳,"2,700",若狭贅沢めで鯛御膳,"3,564",若狭福ふぐランチ,"4,860",,,,,小浜市阿納地区は、若狭ふぐや鯛などの魚類養殖が盛んです。若狭の海で育ったトラフグやマダイは、身が引き締まって美味しさもひとしおです。自慢の若狭ふぐ・鯛料理を是非ご堪能ください。,要予約,0770-54-3313,40,20,35.534855,135.785325,http://info.pref.fukui.jp/opendata/wakasaji/61-73-1.jpg,http://info.pref.fukui.jp/opendata/wakasaji/61-73-2.jpg,http://info.pref.fukui.jp/opendata/wakasaji/61-73-3.jpg,
65,四季の宿　かわはら,917-0105,小浜,小浜市阿納11-8,11:00～15:00,不定,若狭めで鯛御膳,"2,700",若狭贅沢めで鯛御膳,"3,564",若狭福ふぐランチ,"4,860",,,,,小浜市阿納地区は、若狭ふぐや鯛などの魚類養殖が盛んです。若狭の海で育ったトラフグやマダイは、身が引き締まって美味しさもひとしおです。自慢の若狭ふぐ・鯛料理を是非ご堪能ください。,要予約,0770-54-3046,60,30,35.53434,135.785346,http://info.pref.fukui.jp/opendata/wakasaji/61-73-1.jpg,http://info.pref.fukui.jp/opendata/wakasaji/61-73-2.jpg,http://info.pref.fukui.jp/opendata/wakasaji/61-73-3.jpg,
66,中川,917-0105,小浜,小浜市阿納11-18,11:00～14:00,不定,若狭めで鯛御膳,"2,700",若狭贅沢めで鯛御膳,"3,564",若狭福ふぐランチ,"4,860",,,,,小浜市阿納地区は、若狭ふぐや鯛などの魚類養殖が盛んです。若狭の海で育ったトラフグやマダイは、身が引き締まって美味しさもひとしおです。自慢の若狭ふぐ・鯛料理を是非ご堪能ください。,要予約,0770-54-3311,20,10,35.534386,135.785115,http://info.pref.fukui.jp/opendata/wakasaji/61-73-1.jpg,http://info.pref.fukui.jp/opendata/wakasaji/61-73-2.jpg,http://info.pref.fukui.jp/opendata/wakasaji/61-73-3.jpg,
67,渚に建つ海鮮の宿　水月,917-0105,小浜,小浜市阿納12-34,12:00～14:20,不定,若狭めで鯛御膳,"2,700",若狭贅沢めで鯛御膳,"3,564",若狭福ふぐランチ,"4,860",,,,,小浜市阿納地区は、若狭ふぐや鯛などの魚類養殖が盛んです。若狭の海で育ったトラフグやマダイは、身が引き締まって美味しさもひとしおです。自慢の若狭ふぐ・鯛料理を是非ご堪能ください。,要予約,0770-54-3457,70,15,35.534763,35.534763,http://info.pref.fukui.jp/opendata/wakasaji/61-73-1.jpg,http://info.pref.fukui.jp/opendata/wakasaji/61-73-2.jpg,http://info.pref.fukui.jp/opendata/wakasaji/61-73-3.jpg,
68,四季の民宿　ひろた,917-0105,小浜,小浜市阿納9-1,12:00～14:00,不定,若狭めで鯛御膳,"2,700",若狭贅沢めで鯛御膳,"3,564",若狭福ふぐランチ,"4,860",,,,,小浜市阿納地区は、若狭ふぐや鯛などの魚類養殖が盛んです。若狭の海で育ったトラフグやマダイは、身が引き締まって美味しさもひとしおです。自慢の若狭ふぐ・鯛料理を是非ご堪能ください。,要予約,0770-54-3045,40,30,35.535167,135.785443,http://info.pref.fukui.jp/opendata/wakasaji/61-73-1.jpg,http://info.pref.fukui.jp/opendata/wakasaji/61-73-2.jpg,http://info.pref.fukui.jp/opendata/wakasaji/61-73-3.jpg,
69,グルメ民宿　はまもと,917-0105,小浜,小浜市阿納9-4,12:00～14:00,不定,若狭めで鯛御膳,"2,700",若狭贅沢めで鯛御膳,"3,564",若狭福ふぐランチ,"4,860",,,,,小浜市阿納地区は、若狭ふぐや鯛などの魚類養殖が盛んです。若狭の海で育ったトラフグやマダイは、身が引き締まって美味しさもひとしおです。自慢の若狭ふぐ・鯛料理を是非ご堪能ください。,要予約,0770-54-3043,50,20,35.53558,135.785435,http://info.pref.fukui.jp/opendata/wakasaji/61-73-1.jpg,http://info.pref.fukui.jp/opendata/wakasaji/61-73-2.jpg,http://info.pref.fukui.jp/opendata/wakasaji/61-73-3.jpg,
70,海の宿　ひこ荘,917-0105,小浜,小浜市阿納9-3,11:00～14:00,不定,若狭めで鯛御膳,"2,700",若狭贅沢めで鯛御膳,"3,564",若狭福ふぐランチ,"4,860",,,,,小浜市阿納地区は、若狭ふぐや鯛などの魚類養殖が盛んです。若狭の海で育ったトラフグやマダイは、身が引き締まって美味しさもひとしおです。自慢の若狭ふぐ・鯛料理を是非ご堪能ください。,要予約,0770-54-3315,20,10,35.535374,135.78545,http://info.pref.fukui.jp/opendata/wakasaji/61-73-1.jpg,http://info.pref.fukui.jp/opendata/wakasaji/61-73-2.jpg,http://info.pref.fukui.jp/opendata/wakasaji/61-73-3.jpg,
71,くつろぎの宿　浜頭,917-0105,小浜,小浜市阿納8-4,11:00～14:00,不定,若狭めで鯛御膳,"2,700",若狭贅沢めで鯛御膳,"3,564",若狭福ふぐランチ,"4,860",,,,,小浜市阿納地区は、若狭ふぐや鯛などの魚類養殖が盛んです。若狭の海で育ったトラフグやマダイは、身が引き締まって美味しさもひとしおです。自慢の若狭ふぐ・鯛料理を是非ご堪能ください。,要予約,0770-54-3047,40,20,35.535534,135.785208,http://info.pref.fukui.jp/opendata/wakasaji/61-73-1.jpg,http://info.pref.fukui.jp/opendata/wakasaji/61-73-2.jpg,http://info.pref.fukui.jp/opendata/wakasaji/61-73-3.jpg,
72,ふぐ料理の宿　さいば,917-0105,小浜,小浜市阿納12-73,11:00～14:00,不定,若狭めで鯛御膳,"2,700",若狭贅沢めで鯛御膳,"3,564",若狭福ふぐランチ,"4,860",,,,,小浜市阿納地区は、若狭ふぐや鯛などの魚類養殖が盛んです。若狭の海で育ったトラフグやマダイは、身が引き締まって美味しさもひとしおです。自慢の若狭ふぐ・鯛料理を是非ご堪能ください。,要予約,0770-54-3041,40,10,35.53478,135.785089,http://info.pref.fukui.jp/opendata/wakasaji/61-73-1.jpg,http://info.pref.fukui.jp/opendata/wakasaji/61-73-2.jpg,http://info.pref.fukui.jp/opendata/wakasaji/61-73-3.jpg,
73,まるいち旅館,917-0105,小浜,小浜市阿納11-12,12:00～14:00,不定,若狭めで鯛御膳,"2,700",若狭贅沢めで鯛御膳,"3,564",若狭福ふぐランチ,"4,860",,,,,小浜市阿納地区は、若狭ふぐや鯛などの魚類養殖が盛んです。若狭の海で育ったトラフグやマダイは、身が引き締まって美味しさもひとしおです。自慢の若狭ふぐ・鯛料理を是非ご堪能ください。,要予約,0770-54-3049,30,8,35.534626,135.785227,http://info.pref.fukui.jp/opendata/wakasaji/61-73-1.jpg,http://info.pref.fukui.jp/opendata/wakasaji/61-73-2.jpg,http://info.pref.fukui.jp/opendata/wakasaji/61-73-3.jpg,
74,いそべ,917-0105,小浜,小浜市阿納11-22,11:00～14:00,不定,若狭めで鯛御膳,"2,700",若狭贅沢めで鯛御膳,"3,564",若狭福ふぐランチ,"4,860",,,,,小浜市阿納地区は、若狭ふぐや鯛などの魚類養殖が盛んです。若狭の海で育ったトラフグやマダイは、身が引き締まって美味しさもひとしおです。自慢の若狭ふぐ・鯛料理を是非ご堪能ください。,要予約,0770-54-3314,25,20,35.5341,135.785094,http://info.pref.fukui.jp/opendata/wakasaji/61-73-1.jpg,http://info.pref.fukui.jp/opendata/wakasaji/61-73-2.jpg,http://info.pref.fukui.jp/opendata/wakasaji/61-73-3.jpg,
75,四季の香漂う宿　忠　広田,917-0105,小浜,小浜市阿納7-48,11:00～14:00,不定,若狭めで鯛御膳,"2,700",若狭贅沢めで鯛御膳,"3,564",若狭福ふぐランチ,"4,860",,,,,小浜市阿納地区は、若狭ふぐや鯛などの魚類養殖が盛んです。若狭の海で育ったトラフグやマダイは、身が引き締まって美味しさもひとしおです。自慢の若狭ふぐ・鯛料理を是非ご堪能ください。,要予約,0770-54-3310,30,15,35.535464,135.784843,http://info.pref.fukui.jp/opendata/wakasaji/61-73-1.jpg,http://info.pref.fukui.jp/opendata/wakasaji/61-73-2.jpg,http://info.pref.fukui.jp/opendata/wakasaji/61-73-3.jpg,
76,ふぐかに活魚料理民宿　まるふじ,917-0105,小浜,小浜市阿納9-12,11:00～14:00,不定,若狭めで鯛御膳,"2,700",若狭贅沢めで鯛御膳,"3,564",若狭福ふぐランチ,"4,860",,,,,小浜市阿納地区は、若狭ふぐや鯛などの魚類養殖が盛んです。若狭の海で育ったトラフグやマダイは、身が引き締まって美味しさもひとしおです。自慢の若狭ふぐ・鯛料理を是非ご堪能ください。,要予約,0770-54-3048,40,15,35.534011,135.782414,http://info.pref.fukui.jp/opendata/wakasaji/61-73-1.jpg,http://info.pref.fukui.jp/opendata/wakasaji/61-73-2.jpg,http://info.pref.fukui.jp/opendata/wakasaji/61-73-3.jpg,
77,やまと庵,917-0073,小浜,小浜市四谷町20-13,11:00～21:00,不定,鯖三昧定食,"1,180",サーモンの竜田揚げと揚げ野菜のトマト風（おこげ入り）定食,"1,080",,,,,,,鯖が苦手な方にも美味しく召し上がっていただける鯖料理。焼き鯖の竜田揚げと揚げ野菜をみそ、マヨネーズ、柑なんばで味付けしたソースで和えました。サラダ感覚で召し上がっていただけます。また、サーモンは子骨を抜いて二度揚げし、素揚げした野菜と一緒にトマトソースで味わっていただきます。,,0770-53-3450,70,,35.495992,135.749536,http://info.pref.fukui.jp/opendata/wakasaji/077-1.jpg,http://info.pref.fukui.jp/opendata/wakasaji/077-2.jpg,,
78,民宿佐助,917-0101,小浜,小浜市田烏36-47,12:00～14:00,,船場汁と地場産わかめと自家製へしこのおにぎり,"1,500",,,,,,,,,昔ながらのご当地の素朴な素材の味を、何とか現代の若者やへしこを知らない地域の方にも受け入れてもらうにはどういうメニューが良いかを考えました。おにぎりは、自分で作って体験しながら対話し食べていただきたいと思っています。皆さまのお越しをお待ちしています。,4名様以上、2日前までに要予約,0770-54-3407,10,4,35.537225,135.835329,http://info.pref.fukui.jp/opendata/wakasaji/078-1.jpg,,,
79,プティ・プラージュ,917-0077,小浜,小浜市駅前町1-1 小浜駅構内,11:30～22:00,日・祝,（小浜）サーモンのクロック・ムッシュ,"1,404",,,,,,,,,フランスのカフェの定番メニューであるクロック・ムッシュの具に、マリネして燻製した上質な小浜サーモンを使用し、味付けはハーブをあしらったフレンチらしいメニューといたしました。また、ジャンルをサンドイッチとしたのは、観光客や若い方でも気軽にご注文して頂き、小浜サーモンを食する機会を増やすことが狙いです。,,,,,35.491861,135.74524,http://info.pref.fukui.jp/opendata/wakasaji/079-1.jpg,,,
80,うらたに旅館,917-0113,小浜,小浜市宇久6-9,,,小浜サーモンうる得丼セット,"1,500",,,,,,,,,自分で育てあげたサーモンを１人でも多くの方々に食べていただきたいという思いでこのメニューを考えました。ぜひご賞味ください。,4名様以上、4日前までに要予約,0770-52-2853,50,,35.546299,135.753524,http://info.pref.fukui.jp/opendata/wakasaji/080-1.jpg,,,
81,ホテルうみんぴあ,919-2107,おおい,おおい町成海1‐8,11:30～14:00,,さぼうるランチコース,"2,700",オマール海老のブイヤベース,"2,700",,,,,,,四季折々の地元食材をフレンチスタイルで仕上げたお料理が、リーズナブルな価格でお楽しみいただけます。大きなガラス窓一面に広がる小浜湾の風景を眺めながら、優雅なひとときを。女性に大人気のブイヤベースを中心にデザートも付いたコースをご用意しました。越のルビーや福井県産米などの地元食材も使用。,,0770-77-3700,60,55,35.4809239,135.6318532,http://info.pref.fukui.jp/opendata/wakasaji/78-1.jpg,http://info.pref.fukui.jp/opendata/wakasaji/78-2.jpg,,
82,道の駅 うみんぴあ大飯,919-2107,おおい,おおい町成海1-1‐2,9:00～18:00,第1・3月,うみ・ぼーずの海鮮丼,"1,200",,,,,,,,,地元の大島漁港直送の、旬の地魚を使った海鮮丼です。毎日日替わりで、いろいろなお魚をお楽しみいただけます。,団体は要予約,0770-77-4600,80,32,35.4806093,135.6314133,http://info.pref.fukui.jp/opendata/wakasaji/75-1.jpg,,,
83,ホテル流星館 レストラン銀河,917-0375,おおい,おおい町名田庄納田終109-6-1,11:00～15:00,水,焼鯖・へしこ定食,"1,200",若狭がれい定食,"1,200",若狭牛定食,"2,500",,,,,「西の鯖街道」におって京へと運ばれ、珍重されてきた若狭の鯖。鯖のへしことは、そんな鯖を長期保存するために糠漬けにした、若狭地方独特の料理です。へしこと焼き鯖の２つの鯖料理を味わってください。若狭がれいの一夜干しをお手頃な値段で定食にしてご提供いたします。若狭牛をリーズナブルに食べていただきたく、しかも陶板焼という形でご提供いたします。,,0770-67-3000,50,40,35.3951285,135.5852579,http://info.pref.fukui.jp/opendata/wakasaji/74-1.jpg,http://info.pref.fukui.jp/opendata/wakasaji/74-2.jpg,http://info.pref.fukui.jp/opendata/wakasaji/74-3.jpg,
84,こすえ旅館,919-2101,おおい,おおい町大島28-6,11:00～15:00,不定,おまかせ定食,"1,500",,,,,,,,,「いらっしゃいませ」の笑顔がまぶしい女将の創作手料理です。四季折々の朝獲れ魚介類をふんだんに召し上がっていただけるのは漁師宿ならではです。,要予約,0770-77-0441,15,5,35.5306284,135.6604885,http://info.pref.fukui.jp/opendata/wakasaji/76-1.jpg,,,
85,料理旅館　南川荘,917-0381,おおい,おおい町名田庄三重52-18-1,11:00～21:00,不定,隠れ鯖寿し御膳,"1,800",,,,,,,,,通称「西の鯖街道」とは、古くから京都へ向けて周山街道で塩鯖を運ぶ隠れ鯖街道のこと。鯖寿しに手作りでっちようかんと手打ちそばを添えた当御膳は、年間を通して人気の高いメニューです。,要予約,0770-67-2406,20,15,35.4066461,135.6875252,http://info.pref.fukui.jp/opendata/wakasaji/77-1.jpg,,,
86,うまもんや,919-2111,おおい,おおい町本郷137-7,11:00～14:00,水,若狭路しょうゆかつ丼,800,,,,,,,,,福井県逸品認定商品である若狭の千成屋醤油店の醤油をベースに、地元野菜や生姜などの旨味と風味を凝縮した自家製タレで作ったしょうゆかつ丼です。,,0770-77-1300,20,10,35.4798143,135.6178253,http://info.pref.fukui.jp/opendata/wakasaji/79-1.jpg,,,
87,料理旅館　新佐,917-0382,おおい,おおい町名田庄久坂4-10-2,11:00～22:00,元日,新佐小鍋ご膳,"3,240",名田庄?ござんせ”ご膳,"1,500",,,,,,,新佐小鍋ご膳は、名田庄の豊かな里山で獲れた猪、鮎、松茸など四季折々の旬な食材に地元野菜たっぷりの小鍋と若狭湾で獲れた魚介類の刺身を加えた、若狭の幸満載の昼食です。ご膳は、名田庄を中心とした嶺南地域の素材づくしで、皆さんに是非名田庄に来てくださいという想いを込めて「ござんせ」ご膳と名付けました。,4名様以上、2日前までに要予約（ござんせご膳）,0770-67-2028,10,30,35.3995626,135.6839954,http://info.pref.fukui.jp/opendata/wakasaji/80-1.jpg,http://info.pref.fukui.jp/opendata/wakasaji/80-2.jpg,,
88,そば処「よってっ亭」,917-0375,おおい,おおい町名田庄納田終109-1-1,10:00～17:00,水(4月～11月は無休）,鯖そば,800,,,,,,,,,自然薯を練り込んでコシの強さと味の良さが自慢の「じねんじょそば」と、若狭湾の鯖をコラボした「西の鯖街道」の特産品です。,,0770-67-3788,24,37,35.3945426,135.5844425,http://info.pref.fukui.jp/opendata/wakasaji/81-1.jpg,,,
89,レストラン源治,919-2225,高浜,高浜町宮崎63-24-1,11:00～21:00,第1～3木(8月のみ定休なし）,海鮮＆鯖のだんなし定食,"1,512",さとうみ丼,"1,296",福な～れ丼,972,はまなす御膳,"1,296",ふくふく御膳（11～3月限定),2138,「だんなし」とは、地元の言葉で「豪華な、お金持ち」という意味です。鮮魚店直営の源治ならではの海鮮丼と、国産の浜焼き鯖という１日限定１０食の豪華セットです。浜焼き鯖は、たっぷり生姜醤油で食べるのがご当地流。高浜の海の幸と高浜名産杜仲茶のコラボメニュー。地魚を使ってづけ（醤油漬け）にした海鮮丼。山芋とろろを添えて、杜仲茶をトッピングしてあります。さらに、その地魚を使ったあら汁付きです。高浜の特産品である杜仲茶とミネラルたっぷりの天然塩で食べる、新名物のふぐ塩天丼。ふぐ汁付きでとってもお得なセットです。高浜の「大盛り文化」も感じてください！ご飯、地元産ふぐ・ミディトマト・しいたけの天ぷら（杜仲塩）、刺身、ごま豆腐、もずく、切干大根、茶わん蒸し、みそ汁、デザート、コーヒーか紅茶　量を少なめにして、若狭の名物をいろいろ食べられるようにしました。,,0770-72-2522,50,40,35.4863141,135.5524277,http://info.pref.fukui.jp/opendata/wakasaji/85-1.jpg,http://info.pref.fukui.jp/opendata/wakasaji/85-2.jpg,http://info.pref.fukui.jp/opendata/wakasaji/85-3.jpg,http://info.pref.fukui.jp/opendata/wakasaji/85-4.jpg
90,城山荘,919-2221,高浜,高浜町事代6-1-1,11:00～15:00,不定,お手軽昼食　和み,"1,620",焼鯖柳川膳,"1,500",,,,,,,炊きたての釜飯や地元の新鮮な刺身が味わえます。近くの城山公園散策もおすすめです。,要予約（2名～）,0770-72-0357,50,30,35.4949885,135.5520414,http://info.pref.fukui.jp/opendata/wakasaji/82-1.jpg,http://info.pref.fukui.jp/opendata/wakasaji/82-2.jpg,,
91,道の駅　シーサイド高浜,919-2205,高浜,高浜町下車持48-10,10:00～21:00,年末年始,若狭路花籠御膳,"1,200",完熟フルーツトマト贅沢うどん,880,,,,,,,四季折々の旬なお魚の天ぷら、野菜の天ぷらをメインに小鉢もすべて手作り！彩り豊かで見て楽しむ食べて満足な御膳です。天ぷら・小鉢の内容は季節により変更もございます。高浜名産フルーツトマトをふんだんに使用した新感覚うどんです。トマトの甘みと酸味がマッチしたスープうどんです。とろけるチーズが絡みやみつき必須！満足いく逸品です。,,0770-72-6666,120,100,35.4883846,135.5958794,http://info.pref.fukui.jp/opendata/wakasaji/84-1.jpg,http://info.pref.fukui.jp/opendata/wakasaji/84-2.jpg,,
92,イルマーレ,919-2213,高浜,高浜町畑11-15-14,11:00～22:00,,へしこオイルのアヒージョ　～ふぐと彩り野菜～,830,,,,,,,,,アヒージョとはスペイン語で『ニンニク風味』を表す言葉です。「へしこ」を丸ごと低温のオリーブオイルでじっくり煮込んだ「へしこオイル」は当店自慢。独特の旨みあるオイルで、ふぐやタコ、高浜育ちの野菜をアヒージョしました。※食材は季節によって変わります。,,0770-72-5120,60,30,35.4885876,135.5355498,http://info.pref.fukui.jp/opendata/wakasaji/83-1.jpg,,,
93,FAMILIAR,919-2201,高浜,高浜町和田110-26-3,11:00～24:00,水,FAMIふぐ天トロ丼,950,,,,,,,,,若狭名物ふぐ、自家栽培の米とたっぷりの野菜のオリジナル丼。特製だれのかかった天ぷらに、とろろソースをかけるとまた違った味わいに。若狭湾が一望できる最高のロケーションでどうぞ。お酒やスイーツも楽しめます。,,0770-72-6630,50,10,35.4914594,135.5725804,http://info.pref.fukui.jp/opendata/wakasaji/86-1.jpg,,,
94,ふぐ料理　五作荘,919-2201,高浜,高浜町和田131-16-1,11:00～14:00,不定,福ふく鮨,"1,000",,,,,,,,,若狭ふぐの美味しさをもっと気軽に味わっていただきたいとの想いから生まれたメニューです。ふぐの唐揚げと照り焼きの２種類を酢飯に乗せ、地元の季節の野菜を彩りに添えています。,要予約,0770-72-0164,20,10,35.4950497,135.5789708,http://info.pref.fukui.jp/opendata/wakasaji/87-1.jpg,,,
